"Pizza Inn - Baked Fresh Since 1958","https://www.pizzainn.com/","Visit Pizza Inn online to see our pizza buffet menu, order carryout or delivery, find a Pizza Inn location and learn about franchise opportunities."
"Toppers | Late Night Pizza Delivery & Carry-out","https://www.toppers.com/","Delivery or carry out, late night or right now - Toppers Pizza has you covered. Try our famous Topperstix cheesy bread or one of our specialty pizzas now."
"Pizza Today | Leading Magazine for Pizza Professionals","https://www.pizzatoday.com/","Pizza Today is the leading magazine for pizza professionals. Read the latest in the restaurant industry. Browse our top pizza, dough, & sauce recipes."
"Make a Pizza Game for Kids - ABCya!","http://www.abcya.com/pizza.htm","ABCya! Kids click and drag the different toppings to make a pizza! Students learn and practice valuable mouse manipulation techniques while clicking and ..."
"Order Online For Best Pizza Near You l Papa Murphy's Take N' Bake ...","https://www.papamurphys.com/","Papa Murphy's Take 'N' Bake pizza is the best pizza because we make our dough from scratch, grate our mozzarella, and hand slice our veggies, every day."
"Pizza Studio","https://www.pizzastudio.com/","WHO WE ARE. You create it, we make it. Let your inner chef run wild with an unlimited selection of premium toppings, limited only by your culinary imagination ..."
"Cicis Pizza: Pizza Buffet and Pizza Takeout - Cicis","https://www.cicis.com/","Find a Cicis pizza buffet location near me to dine-in, or enjoy an easy meal with pizza takeout."
"Chicago Deep Dish Pizza | Original Chicago Style Pizza | Uno ...","https://www.unos.com/","Uno Pizzeria & Grill created the original Chicago deep dish pizza in 1943. Today, we bring that legendary pizza (and more!) to you. Order online or find a local ..."
"Pizza Ranch: Home of Legendary Pizza, Chicken, Salad and | Pizza ...","https://pizzaranch.com/","Saddle up the family and head out to Pizza Ranch for lunch or dinner. Our menu includes pizza, The Country's Best Chicken, and a full buffet. Let's ride!"
"PizzaRev: Home","https://pizzarev.com/","PizzaRev restaurants serve award-winning custom-crafted personal-sized pizza. Oven-fired pizza in 3 minutes with any toppings for one price. Now franchising!"
